file_path,label
/home/dczhang/anormaly_detection/images/normal/TTC_7_46.jpg,0
/home/dczhang/anormaly_detection/images/normal/TTC_7_89.jpg,0
/home/dczhang/anormaly_detection/images/normal/TTC_1_146.jpg,0
/home/dczhang/anormaly_detection/images/normal/TTC_1_54.jpg,0
/home/dczhang/anormaly_detection/images/normal/TTC_0_5.jpg,0
/home/dczhang/anormaly_detection/images/normal/TTC_5_146.jpg,0
/home/dczhang/anormaly_detection/images/normal/TTC_1_26.jpg,0
/home/dczhang/anormaly_detection/images/normal/TTC_5_67.jpg,0
/home/dczhang/anormaly_detection/images/normal/TTC_1_95.jpg,0
/home/dczhang/anormaly_detection/images/normal/TTC_6_147.jpg,0
/home/dczhang/anormaly_detection/images/normal/TTC_0_46.jpg,0
/home/dczhang/anormaly_detection/images/normal/TTC_6_91.jpg,0
/home/dczhang/anormaly_detection/images/normal/TTC_1_120.jpg,0
/home/dczhang/anormaly_detection/images/normal/TTC_7_72.jpg,0
/home/dczhang/anormaly_detection/images/normal/TTC_3_59.jpg,0
/home/dczhang/anormaly_detection/images/normal/TTC_1_30.jpg,0
/home/dczhang/anormaly_detection/images/normal/TTC_5_18.jpg,0
/home/dczhang/anormaly_detection/images/normal/TTC_6_96.jpg,0
/home/dczhang/anormaly_detection/images/normal/TTC_3_63.jpg,0
/home/dczhang/anormaly_detection/images/normal/TTC_0_105.jpg,0
/home/dczhang/anormaly_detection/images/normal/TTC_4_63.jpg,0
/home/dczhang/anormaly_detection/images/normal/TTC_3_97.jpg,0
/home/dczhang/anormaly_detection/images/normal/TTC_5_80.jpg,0
/home/dczhang/anormaly_detection/images/normal/TTC_6_89.jpg,0
/home/dczhang/anormaly_detection/images/normal/TTC_6_95.jpg,0
/home/dczhang/anormaly_detection/images/normal/TTC_6_12.jpg,0
/home/dczhang/anormaly_detection/images/normal/TTC_2_37.jpg,0
/home/dczhang/anormaly_detection/images/normal/TTC_5_131.jpg,0
/home/dczhang/anormaly_detection/images/normal/TTC_3_137.jpg,0
/home/dczhang/anormaly_detection/images/normal/TTC_5_145.jpg,0
/home/dczhang/anormaly_detection/images/normal/TTC_7_78.jpg,0
/home/dczhang/anormaly_detection/images/normal/TTC_4_12.jpg,0
/home/dczhang/anormaly_detection/images/normal/TTC_1_123.jpg,0
/home/dczhang/anormaly_detection/images/normal/TTC_5_56.jpg,0
/home/dczhang/anormaly_detection/images/normal/TTC_1_17.jpg,0
/home/dczhang/anormaly_detection/images/normal/TTC_3_114.jpg,0
/home/dczhang/anormaly_detection/images/normal/TTC_4_13.jpg,0
/home/dczhang/anormaly_detection/images/normal/TTC_5_274.jpg,0
/home/dczhang/anormaly_detection/images/normal/TTC_2_47.jpg,0
/home/dczhang/anormaly_detection/images/normal/TTC_5_75.jpg,0
/home/dczhang/anormaly_detection/images/normal/TTC_0_4.jpg,0
/home/dczhang/anormaly_detection/images/normal/TTC_6_109.jpg,0
/home/dczhang/anormaly_detection/images/normal/TTC_5_163.jpg,0
/home/dczhang/anormaly_detection/images/normal/TTC_4_15.jpg,0
/home/dczhang/anormaly_detection/images/normal/TTC_0_90.jpg,0
/home/dczhang/anormaly_detection/images/normal/TTC_7_43.jpg,0
/home/dczhang/anormaly_detection/images/normal/TTC_6_114.jpg,0
/home/dczhang/anormaly_detection/images/normal/TTC_1_158.jpg,0
/home/dczhang/anormaly_detection/images/normal/TTC_7_51.jpg,0
/home/dczhang/anormaly_detection/images/normal/TTC_3_103.jpg,0
/home/dczhang/anormaly_detection/images/normal/TTC_5_112.jpg,0
/home/dczhang/anormaly_detection/images/normal/TTC_5_188.jpg,0
/home/dczhang/anormaly_detection/images/normal/TTC_2_39.jpg,0
/home/dczhang/anormaly_detection/images/normal/TTC_5_96.jpg,0
/home/dczhang/anormaly_detection/images/normal/TTC_0_42.jpg,0
/home/dczhang/anormaly_detection/images/normal/TTC_4_43.jpg,0
/home/dczhang/anormaly_detection/images/normal/TTC_0_28.jpg,0
/home/dczhang/anormaly_detection/images/normal/TTC_6_82.jpg,0
/home/dczhang/anormaly_detection/images/normal/TTC_3_158.jpg,0
/home/dczhang/anormaly_detection/images/normal/TTC_3_49.jpg,0
/home/dczhang/anormaly_detection/images/normal/TTC_0_39.jpg,0
/home/dczhang/anormaly_detection/images/normal/TTC_1_116.jpg,0
/home/dczhang/anormaly_detection/images/normal/TTC_7_42.jpg,0
/home/dczhang/anormaly_detection/images/normal/TTC_7_63.jpg,0
/home/dczhang/anormaly_detection/images/normal/TTC_2_42.jpg,0
/home/dczhang/anormaly_detection/images/normal/TTC_3_43.jpg,0
/home/dczhang/anormaly_detection/images/normal/TTC_7_79.jpg,0
/home/dczhang/anormaly_detection/images/normal/TTC_5_202.jpg,0
/home/dczhang/anormaly_detection/images/normal/TTC_6_119.jpg,0
/home/dczhang/anormaly_detection/images/normal/TTC_2_89.jpg,0
/home/dczhang/anormaly_detection/images/normal/TTC_5_44.jpg,0
/home/dczhang/anormaly_detection/images/normal/TTC_7_84.jpg,0
/home/dczhang/anormaly_detection/images/normal/TTC_4_0.jpg,0
/home/dczhang/anormaly_detection/images/normal/TTC_6_101.jpg,0
/home/dczhang/anormaly_detection/images/normal/TTC_5_229.jpg,0
/home/dczhang/anormaly_detection/images/normal/TTC_5_234.jpg,0
/home/dczhang/anormaly_detection/images/normal/TTC_6_140.jpg,0
/home/dczhang/anormaly_detection/images/normal/TTC_5_253.jpg,0
/home/dczhang/anormaly_detection/images/normal/TTC_3_116.jpg,0
/home/dczhang/anormaly_detection/images/normal/TTC_7_87.jpg,0
/home/dczhang/anormaly_detection/images/normal/TTC_7_26.jpg,0
/home/dczhang/anormaly_detection/images/normal/TTC_7_81.jpg,0
/home/dczhang/anormaly_detection/images/normal/TTC_7_68.jpg,0
/home/dczhang/anormaly_detection/images/normal/TTC_7_86.jpg,0
/home/dczhang/anormaly_detection/images/normal/TTC_7_66.jpg,0
/home/dczhang/anormaly_detection/images/normal/TTC_5_155.jpg,0
/home/dczhang/anormaly_detection/images/normal/TTC_3_142.jpg,0
/home/dczhang/anormaly_detection/images/normal/TTC_4_42.jpg,0
/home/dczhang/anormaly_detection/images/normal/TTC_7_13.jpg,0
/home/dczhang/anormaly_detection/images/normal/TTC_5_272.jpg,0
/home/dczhang/anormaly_detection/images/normal/TTC_7_7.jpg,0
/home/dczhang/anormaly_detection/images/normal/TTC_3_84.jpg,0
/home/dczhang/anormaly_detection/images/normal/TTC_3_50.jpg,0
/home/dczhang/anormaly_detection/images/normal/TTC_5_54.jpg,0
/home/dczhang/anormaly_detection/images/normal/TTC_5_76.jpg,0
/home/dczhang/anormaly_detection/images/normal/TTC_1_16.jpg,0
/home/dczhang/anormaly_detection/images/normal/TTC_5_125.jpg,0
/home/dczhang/anormaly_detection/images/normal/TTC_1_157.jpg,0
/home/dczhang/anormaly_detection/images/normal/TTC_5_127.jpg,0
/home/dczhang/anormaly_detection/images/normal/TTC_6_144.jpg,0
/home/dczhang/anormaly_detection/images/normal/TTC_6_7.jpg,0
/home/dczhang/anormaly_detection/images/normal/TTC_4_20.jpg,0
/home/dczhang/anormaly_detection/images/normal/TTC_0_78.jpg,0
/home/dczhang/anormaly_detection/images/normal/TTC_7_38.jpg,0
/home/dczhang/anormaly_detection/images/normal/TTC_0_93.jpg,0
/home/dczhang/anormaly_detection/images/normal/TTC_5_158.jpg,0
/home/dczhang/anormaly_detection/images/normal/TTC_5_238.jpg,0
/home/dczhang/anormaly_detection/images/normal/TTC_5_61.jpg,0
/home/dczhang/anormaly_detection/images/normal/TTC_5_113.jpg,0
/home/dczhang/anormaly_detection/images/normal/TTC_3_51.jpg,0
/home/dczhang/anormaly_detection/images/normal/TTC_3_56.jpg,0
/home/dczhang/anormaly_detection/images/normal/TTC_0_64.jpg,0
/home/dczhang/anormaly_detection/images/normal/TTC_5_14.jpg,0
/home/dczhang/anormaly_detection/images/normal/TTC_5_33.jpg,0
/home/dczhang/anormaly_detection/images/normal/TTC_4_3.jpg,0
/home/dczhang/anormaly_detection/images/normal/TTC_0_11.jpg,0
/home/dczhang/anormaly_detection/images/normal/TTC_2_44.jpg,0
/home/dczhang/anormaly_detection/images/normal/TTC_5_83.jpg,0
/home/dczhang/anormaly_detection/images/normal/TTC_3_153.jpg,0
/home/dczhang/anormaly_detection/images/normal/TTC_6_116.jpg,0
/home/dczhang/anormaly_detection/images/normal/TTC_5_137.jpg,0
/home/dczhang/anormaly_detection/images/normal/TTC_5_40.jpg,0
/home/dczhang/anormaly_detection/images/normal/TTC_6_60.jpg,0
/home/dczhang/anormaly_detection/images/normal/TTC_1_142.jpg,0
/home/dczhang/anormaly_detection/images/normal/TTC_5_95.jpg,0
/home/dczhang/anormaly_detection/images/normal/TTC_1_149.jpg,0
/home/dczhang/anormaly_detection/images/normal/TTC_6_104.jpg,0
/home/dczhang/anormaly_detection/images/normal/TTC_6_130.jpg,0
/home/dczhang/anormaly_detection/images/normal/TTC_2_9.jpg,0
/home/dczhang/anormaly_detection/images/normal/TTC_4_2.jpg,0
/home/dczhang/anormaly_detection/images/normal/TTC_7_65.jpg,0
/home/dczhang/anormaly_detection/images/normal/TTC_7_27.jpg,0
/home/dczhang/anormaly_detection/images/normal/TTC_5_94.jpg,0
/home/dczhang/anormaly_detection/images/normal/TTC_5_41.jpg,0
/home/dczhang/anormaly_detection/images/normal/TTC_6_23.jpg,0
/home/dczhang/anormaly_detection/images/normal/TTC_7_11.jpg,0
/home/dczhang/anormaly_detection/images/normal/TTC_4_36.jpg,0
/home/dczhang/anormaly_detection/images/normal/TTC_1_14.jpg,0
/home/dczhang/anormaly_detection/images/normal/TTC_5_120.jpg,0
/home/dczhang/anormaly_detection/images/normal/TTC_1_34.jpg,0
/home/dczhang/anormaly_detection/images/normal/TTC_6_85.jpg,0
/home/dczhang/anormaly_detection/images/normal/TTC_5_227.jpg,0
/home/dczhang/anormaly_detection/images/normal/TTC_5_276.jpg,0
/home/dczhang/anormaly_detection/images/normal/TTC_2_7.jpg,0
/home/dczhang/anormaly_detection/images/normal/TTC_1_114.jpg,0
/home/dczhang/anormaly_detection/images/normal/TTC_7_60.jpg,0
/home/dczhang/anormaly_detection/images/normal/TTC_7_22.jpg,0
/home/dczhang/anormaly_detection/images/normal/TTC_0_18.jpg,0
/home/dczhang/anormaly_detection/images/normal/TTC_5_47.jpg,0
/home/dczhang/anormaly_detection/images/normal/TTC_1_94.jpg,0
/home/dczhang/anormaly_detection/images/normal/TTC_3_7.jpg,0
/home/dczhang/anormaly_detection/images/normal/TTC_1_25.jpg,0
/home/dczhang/anormaly_detection/images/normal/TTC_1_40.jpg,0
/home/dczhang/anormaly_detection/images/normal/TTC_5_6.jpg,0
/home/dczhang/anormaly_detection/images/normal/TTC_0_40.jpg,0
/home/dczhang/anormaly_detection/images/normal/TTC_7_14.jpg,0
/home/dczhang/anormaly_detection/images/normal/TTC_3_40.jpg,0
/home/dczhang/anormaly_detection/images/normal/TTC_1_135.jpg,0
/home/dczhang/anormaly_detection/images/normal/TTC_5_164.jpg,0
/home/dczhang/anormaly_detection/images/normal/TTC_3_125.jpg,0
/home/dczhang/anormaly_detection/images/normal/TTC_1_27.jpg,0
/home/dczhang/anormaly_detection/images/normal/TTC_5_16.jpg,0
/home/dczhang/anormaly_detection/images/normal/TTC_5_42.jpg,0
/home/dczhang/anormaly_detection/images/normal/TTC_2_45.jpg,0
/home/dczhang/anormaly_detection/images/normal/TTC_7_73.jpg,0
/home/dczhang/anormaly_detection/images/normal/TTC_1_23.jpg,0
/home/dczhang/anormaly_detection/images/normal/TTC_6_127.jpg,0
/home/dczhang/anormaly_detection/images/normal/TTC_5_261.jpg,0
/home/dczhang/anormaly_detection/images/normal/TTC_0_88.jpg,0
/home/dczhang/anormaly_detection/images/normal/TTC_6_80.jpg,0
/home/dczhang/anormaly_detection/images/normal/TTC_0_85.jpg,0
/home/dczhang/anormaly_detection/images/normal/TTC_2_65.jpg,0
/home/dczhang/anormaly_detection/images/normal/TTC_7_36.jpg,0
/home/dczhang/anormaly_detection/images/normal/TTC_3_66.jpg,0
/home/dczhang/anormaly_detection/images/normal/TTC_4_64.jpg,0
/home/dczhang/anormaly_detection/images/normal/TTC_7_69.jpg,0
/home/dczhang/anormaly_detection/images/normal/TTC_6_143.jpg,0
/home/dczhang/anormaly_detection/images/normal/TTC_5_147.jpg,0
/home/dczhang/anormaly_detection/images/normal/TTC_5_5.jpg,0
/home/dczhang/anormaly_detection/images/normal/TTC_5_53.jpg,0
/home/dczhang/anormaly_detection/images/normal/TTC_3_118.jpg,0
/home/dczhang/anormaly_detection/images/normal/TTC_4_27.jpg,0
/home/dczhang/anormaly_detection/images/normal/TTC_6_92.jpg,0
/home/dczhang/anormaly_detection/images/normal/TTC_7_85.jpg,0
/home/dczhang/anormaly_detection/images/normal/TTC_5_206.jpg,0
/home/dczhang/anormaly_detection/images/normal/TTC_5_22.jpg,0
/home/dczhang/anormaly_detection/images/normal/TTC_6_84.jpg,0
/home/dczhang/anormaly_detection/images/normal/TTC_5_4.jpg,0
/home/dczhang/anormaly_detection/images/normal/TTC_1_7.jpg,0
/home/dczhang/anormaly_detection/images/normal/TTC_6_16.jpg,0
/home/dczhang/anormaly_detection/images/normal/TTC_5_119.jpg,0
/home/dczhang/anormaly_detection/images/normal/TTC_6_93.jpg,0
/home/dczhang/anormaly_detection/images/normal/TTC_6_113.jpg,0
/home/dczhang/anormaly_detection/images/normal/TTC_5_141.jpg,0
/home/dczhang/anormaly_detection/images/normal/TTC_7_53.jpg,0
/home/dczhang/anormaly_detection/images/normal/TTC_5_26.jpg,0
/home/dczhang/anormaly_detection/images/normal/TTC_0_49.jpg,0
/home/dczhang/anormaly_detection/images/normal/TTC_4_56.jpg,0
/home/dczhang/anormaly_detection/images/normal/TTC_5_135.jpg,0
/home/dczhang/anormaly_detection/images/normal/TTC_2_14.jpg,0
/home/dczhang/anormaly_detection/images/normal/TTC_5_157.jpg,0
/home/dczhang/anormaly_detection/images/normal/TTC_6_137.jpg,0
/home/dczhang/anormaly_detection/images/normal/TTC_1_154.jpg,0
/home/dczhang/anormaly_detection/images/normal/TTC_0_22.jpg,0
/home/dczhang/anormaly_detection/images/normal/TTC_4_32.jpg,0
/home/dczhang/anormaly_detection/images/normal/TTC_5_154.jpg,0
/home/dczhang/anormaly_detection/images/normal/TTC_3_148.jpg,0
/home/dczhang/anormaly_detection/images/normal/TTC_5_183.jpg,0
/home/dczhang/anormaly_detection/images/normal/TTC_6_121.jpg,0
/home/dczhang/anormaly_detection/images/normal/TTC_5_77.jpg,0
/home/dczhang/anormaly_detection/images/normal/TTC_0_109.jpg,0
/home/dczhang/anormaly_detection/images/normal/TTC_0_69.jpg,0
/home/dczhang/anormaly_detection/images/normal/TTC_6_115.jpg,0
/home/dczhang/anormaly_detection/images/normal/TTC_0_10.jpg,0
/home/dczhang/anormaly_detection/images/normal/TTC_1_5.jpg,0
/home/dczhang/anormaly_detection/images/normal/TTC_6_64.jpg,0
/home/dczhang/anormaly_detection/images/normal/TTC_1_48.jpg,0
/home/dczhang/anormaly_detection/images/normal/TTC_7_37.jpg,0
/home/dczhang/anormaly_detection/images/normal/TTC_6_98.jpg,0
/home/dczhang/anormaly_detection/images/normal/TTC_3_46.jpg,0
/home/dczhang/anormaly_detection/images/normal/TTC_1_67.jpg,0
/home/dczhang/anormaly_detection/images/normal/TTC_5_98.jpg,0
/home/dczhang/anormaly_detection/images/normal/TTC_5_117.jpg,0
/home/dczhang/anormaly_detection/images/normal/TTC_1_93.jpg,0
/home/dczhang/anormaly_detection/images/normal/TTC_1_84.jpg,0
/home/dczhang/anormaly_detection/images/normal/TTC_3_138.jpg,0
/home/dczhang/anormaly_detection/images/normal/TTC_0_37.jpg,0
/home/dczhang/anormaly_detection/images/normal/TTC_1_49.jpg,0
/home/dczhang/anormaly_detection/images/normal/TTC_5_165.jpg,0
/home/dczhang/anormaly_detection/images/normal/TTC_6_15.jpg,0
/home/dczhang/anormaly_detection/images/normal/TTC_6_3.jpg,0
/home/dczhang/anormaly_detection/images/normal/TTC_0_35.jpg,0
/home/dczhang/anormaly_detection/images/normal/TTC_5_213.jpg,0
/home/dczhang/anormaly_detection/images/normal/TTC_5_175.jpg,0
/home/dczhang/anormaly_detection/images/normal/TTC_3_67.jpg,0
/home/dczhang/anormaly_detection/images/normal/TTC_2_1.jpg,0
/home/dczhang/anormaly_detection/images/normal/TTC_6_158.jpg,0
/home/dczhang/anormaly_detection/images/normal/TTC_4_26.jpg,0
/home/dczhang/anormaly_detection/images/normal/TTC_4_22.jpg,0
/home/dczhang/anormaly_detection/images/normal/TTC_5_196.jpg,0
/home/dczhang/anormaly_detection/images/normal/TTC_3_157.jpg,0
/home/dczhang/anormaly_detection/images/normal/TTC_5_257.jpg,0
/home/dczhang/anormaly_detection/images/normal/TTC_4_66.jpg,0
/home/dczhang/anormaly_detection/images/normal/TTC_3_102.jpg,0
/home/dczhang/anormaly_detection/images/normal/TTC_3_60.jpg,0
/home/dczhang/anormaly_detection/images/normal/TTC_5_240.jpg,0
/home/dczhang/anormaly_detection/images/normal/TTC_1_131.jpg,0
/home/dczhang/anormaly_detection/images/normal/TTC_7_24.jpg,0
/home/dczhang/anormaly_detection/images/normal/TTC_5_228.jpg,0
/home/dczhang/anormaly_detection/images/normal/TTC_6_25.jpg,0
/home/dczhang/anormaly_detection/images/normal/TTC_5_10.jpg,0
/home/dczhang/anormaly_detection/images/normal/TTC_4_47.jpg,0
/home/dczhang/anormaly_detection/images/normal/TTC_0_81.jpg,0
/home/dczhang/anormaly_detection/images/normal/TTC_2_72.jpg,0
/home/dczhang/anormaly_detection/images/normal/TTC_1_90.jpg,0
/home/dczhang/anormaly_detection/images/normal/TTC_3_69.jpg,0
/home/dczhang/anormaly_detection/images/normal/TTC_1_134.jpg,0
/home/dczhang/anormaly_detection/images/normal/TTC_6_125.jpg,0
/home/dczhang/anormaly_detection/images/normal/TTC_0_86.jpg,0
/home/dczhang/anormaly_detection/images/normal/TTC_5_156.jpg,0
/home/dczhang/anormaly_detection/images/normal/TTC_3_15.jpg,0
/home/dczhang/anormaly_detection/images/normal/TTC_0_24.jpg,0
/home/dczhang/anormaly_detection/images/normal/TTC_4_65.jpg,0
/home/dczhang/anormaly_detection/images/normal/TTC_7_31.jpg,0
/home/dczhang/anormaly_detection/images/normal/TTC_6_65.jpg,0
/home/dczhang/anormaly_detection/images/normal/TTC_2_64.jpg,0
/home/dczhang/anormaly_detection/images/normal/TTC_0_7.jpg,0
/home/dczhang/anormaly_detection/images/normal/TTC_0_12.jpg,0
/home/dczhang/anormaly_detection/images/normal/TTC_5_89.jpg,0
/home/dczhang/anormaly_detection/images/normal/TTC_5_126.jpg,0
/home/dczhang/anormaly_detection/images/normal/TTC_5_29.jpg,0
/home/dczhang/anormaly_detection/images/normal/TTC_3_135.jpg,0
/home/dczhang/anormaly_detection/images/normal/TTC_4_39.jpg,0
/home/dczhang/anormaly_detection/images/normal/TTC_5_71.jpg,0
/home/dczhang/anormaly_detection/images/normal/TTC_0_38.jpg,0
/home/dczhang/anormaly_detection/images/normal/TTC_5_173.jpg,0
/home/dczhang/anormaly_detection/images/normal/TTC_5_19.jpg,0
/home/dczhang/anormaly_detection/images/normal/TTC_5_2.jpg,0
/home/dczhang/anormaly_detection/images/normal/TTC_6_34.jpg,0
/home/dczhang/anormaly_detection/images/normal/TTC_3_68.jpg,0
/home/dczhang/anormaly_detection/images/normal/TTC_6_122.jpg,0
/home/dczhang/anormaly_detection/images/normal/TTC_5_37.jpg,0
/home/dczhang/anormaly_detection/images/normal/TTC_5_201.jpg,0
/home/dczhang/anormaly_detection/images/normal/TTC_6_4.jpg,0
/home/dczhang/anormaly_detection/images/normal/TTC_1_126.jpg,0
/home/dczhang/anormaly_detection/images/normal/TTC_3_73.jpg,0
/home/dczhang/anormaly_detection/images/normal/TTC_6_43.jpg,0
/home/dczhang/anormaly_detection/images/normal/TTC_7_19.jpg,0
/home/dczhang/anormaly_detection/images/normal/TTC_6_81.jpg,0
/home/dczhang/anormaly_detection/images/normal/TTC_4_37.jpg,0
/home/dczhang/anormaly_detection/images/normal/TTC_5_236.jpg,0
/home/dczhang/anormaly_detection/images/normal/TTC_3_128.jpg,0
/home/dczhang/anormaly_detection/images/normal/TTC_6_36.jpg,0
/home/dczhang/anormaly_detection/images/normal/TTC_6_155.jpg,0
/home/dczhang/anormaly_detection/images/normal/TTC_6_100.jpg,0
/home/dczhang/anormaly_detection/images/normal/TTC_6_13.jpg,0
/home/dczhang/anormaly_detection/images/normal/TTC_5_140.jpg,0
/home/dczhang/anormaly_detection/images/normal/TTC_0_117.jpg,0
/home/dczhang/anormaly_detection/images/normal/TTC_7_71.jpg,0
/home/dczhang/anormaly_detection/images/normal/TTC_0_32.jpg,0
/home/dczhang/anormaly_detection/images/normal/TTC_5_195.jpg,0
/home/dczhang/anormaly_detection/images/normal/TTC_1_85.jpg,0
/home/dczhang/anormaly_detection/images/normal/TTC_5_244.jpg,0
/home/dczhang/anormaly_detection/images/normal/TTC_6_47.jpg,0
/home/dczhang/anormaly_detection/images/normal/TTC_1_130.jpg,0
/home/dczhang/anormaly_detection/images/normal/TTC_7_57.jpg,0
/home/dczhang/anormaly_detection/images/normal/TTC_5_149.jpg,0
/home/dczhang/anormaly_detection/images/normal/TTC_2_25.jpg,0
/home/dczhang/anormaly_detection/images/normal/TTC_2_59.jpg,0
/home/dczhang/anormaly_detection/images/normal/TTC_3_27.jpg,0
/home/dczhang/anormaly_detection/images/normal/TTC_5_209.jpg,0
/home/dczhang/anormaly_detection/images/normal/TTC_1_109.jpg,0
/home/dczhang/anormaly_detection/images/normal/TTC_6_17.jpg,0
/home/dczhang/anormaly_detection/images/normal/TTC_1_19.jpg,0
/home/dczhang/anormaly_detection/images/normal/TTC_0_3.jpg,0
/home/dczhang/anormaly_detection/images/normal/TTC_2_46.jpg,0
/home/dczhang/anormaly_detection/images/normal/TTC_2_5.jpg,0
/home/dczhang/anormaly_detection/images/normal/TTC_5_252.jpg,0
/home/dczhang/anormaly_detection/images/normal/TTC_1_38.jpg,0
/home/dczhang/anormaly_detection/images/normal/TTC_7_10.jpg,0
/home/dczhang/anormaly_detection/images/normal/TTC_2_86.jpg,0
/home/dczhang/anormaly_detection/images/normal/TTC_4_38.jpg,0
/home/dczhang/anormaly_detection/images/normal/TTC_7_25.jpg,0
/home/dczhang/anormaly_detection/images/normal/TTC_5_231.jpg,0
/home/dczhang/anormaly_detection/images/normal/TTC_5_28.jpg,0
/home/dczhang/anormaly_detection/images/normal/TTC_7_20.jpg,0
/home/dczhang/anormaly_detection/images/normal/TTC_6_5.jpg,0
/home/dczhang/anormaly_detection/images/normal/TTC_5_144.jpg,0
/home/dczhang/anormaly_detection/images/normal/TTC_1_66.jpg,0
/home/dczhang/anormaly_detection/images/normal/TTC_1_97.jpg,0
/home/dczhang/anormaly_detection/images/normal/TTC_3_77.jpg,0
/home/dczhang/anormaly_detection/images/normal/TTC_3_129.jpg,0
/home/dczhang/anormaly_detection/images/normal/TTC_5_232.jpg,0
/home/dczhang/anormaly_detection/images/normal/TTC_3_112.jpg,0
/home/dczhang/anormaly_detection/images/normal/TTC_1_98.jpg,0
/home/dczhang/anormaly_detection/images/normal/TTC_5_148.jpg,0
/home/dczhang/anormaly_detection/images/normal/TTC_6_32.jpg,0
/home/dczhang/anormaly_detection/images/normal/TTC_5_46.jpg,0
/home/dczhang/anormaly_detection/images/normal/TTC_5_93.jpg,0
/home/dczhang/anormaly_detection/images/normal/TTC_1_11.jpg,0
/home/dczhang/anormaly_detection/images/normal/TTC_2_57.jpg,0
/home/dczhang/anormaly_detection/images/normal/TTC_5_114.jpg,0
/home/dczhang/anormaly_detection/images/normal/TTC_1_45.jpg,0
/home/dczhang/anormaly_detection/images/normal/TTC_7_30.jpg,0
/home/dczhang/anormaly_detection/images/normal/TTC_3_72.jpg,0
/home/dczhang/anormaly_detection/images/normal/TTC_3_140.jpg,0
/home/dczhang/anormaly_detection/images/normal/TTC_5_52.jpg,0
/home/dczhang/anormaly_detection/images/normal/TTC_0_58.jpg,0
/home/dczhang/anormaly_detection/images/normal/TTC_5_38.jpg,0
/home/dczhang/anormaly_detection/images/normal/TTC_1_112.jpg,0
/home/dczhang/anormaly_detection/images/normal/TTC_1_86.jpg,0
/home/dczhang/anormaly_detection/images/normal/TTC_6_97.jpg,0
/home/dczhang/anormaly_detection/images/normal/TTC_2_90.jpg,0
/home/dczhang/anormaly_detection/images/normal/TTC_7_55.jpg,0
/home/dczhang/anormaly_detection/images/normal/TTC_4_21.jpg,0
/home/dczhang/anormaly_detection/images/normal/TTC_6_59.jpg,0
/home/dczhang/anormaly_detection/images/normal/TTC_1_147.jpg,0
/home/dczhang/anormaly_detection/images/normal/TTC_5_82.jpg,0
/home/dczhang/anormaly_detection/images/normal/TTC_3_96.jpg,0
/home/dczhang/anormaly_detection/images/normal/TTC_4_58.jpg,0
/home/dczhang/anormaly_detection/images/normal/TTC_5_13.jpg,0
/home/dczhang/anormaly_detection/images/normal/TTC_0_70.jpg,0
/home/dczhang/anormaly_detection/images/normal/TTC_3_11.jpg,0
/home/dczhang/anormaly_detection/images/normal/TTC_6_35.jpg,0
/home/dczhang/anormaly_detection/images/normal/TTC_2_60.jpg,0
/home/dczhang/anormaly_detection/images/normal/TTC_3_9.jpg,0
/home/dczhang/anormaly_detection/images/normal/TTC_6_105.jpg,0
/home/dczhang/anormaly_detection/images/normal/TTC_2_29.jpg,0
/home/dczhang/anormaly_detection/images/normal/TTC_1_74.jpg,0
/home/dczhang/anormaly_detection/images/normal/TTC_6_57.jpg,0
/home/dczhang/anormaly_detection/images/normal/TTC_3_111.jpg,0
/home/dczhang/anormaly_detection/images/normal/TTC_5_130.jpg,0
/home/dczhang/anormaly_detection/images/normal/TTC_5_49.jpg,0
/home/dczhang/anormaly_detection/images/normal/TTC_6_33.jpg,0
/home/dczhang/anormaly_detection/images/normal/TTC_6_129.jpg,0
/home/dczhang/anormaly_detection/images/normal/TTC_5_70.jpg,0
/home/dczhang/anormaly_detection/images/normal/TTC_6_19.jpg,0
/home/dczhang/anormaly_detection/images/normal/TTC_2_16.jpg,0
/home/dczhang/anormaly_detection/images/normal/TTC_5_58.jpg,0
/home/dczhang/anormaly_detection/images/normal/TTC_5_237.jpg,0
/home/dczhang/anormaly_detection/images/normal/TTC_7_48.jpg,0
/home/dczhang/anormaly_detection/images/normal/TTC_3_34.jpg,0
/home/dczhang/anormaly_detection/images/normal/TTC_0_21.jpg,0
/home/dczhang/anormaly_detection/images/normal/TTC_4_23.jpg,0
/home/dczhang/anormaly_detection/images/normal/TTC_1_88.jpg,0
/home/dczhang/anormaly_detection/images/normal/TTC_7_61.jpg,0
/home/dczhang/anormaly_detection/images/normal/TTC_6_117.jpg,0
/home/dczhang/anormaly_detection/images/normal/TTC_5_162.jpg,0
/home/dczhang/anormaly_detection/images/normal/TTC_7_76.jpg,0
/home/dczhang/anormaly_detection/images/normal/TTC_7_23.jpg,0
/home/dczhang/anormaly_detection/images/normal/TTC_3_62.jpg,0
/home/dczhang/anormaly_detection/images/normal/TTC_4_9.jpg,0
/home/dczhang/anormaly_detection/images/normal/TTC_3_151.jpg,0
/home/dczhang/anormaly_detection/images/normal/TTC_3_163.jpg,0
/home/dczhang/anormaly_detection/images/normal/TTC_5_208.jpg,0
/home/dczhang/anormaly_detection/images/normal/TTC_2_3.jpg,0
/home/dczhang/anormaly_detection/images/normal/TTC_2_0.jpg,0
/home/dczhang/anormaly_detection/images/normal/TTC_5_7.jpg,0
/home/dczhang/anormaly_detection/images/normal/TTC_0_89.jpg,0
/home/dczhang/anormaly_detection/images/normal/TTC_6_66.jpg,0
/home/dczhang/anormaly_detection/images/normal/TTC_1_64.jpg,0
/home/dczhang/anormaly_detection/images/normal/TTC_5_249.jpg,0
/home/dczhang/anormaly_detection/images/normal/TTC_1_124.jpg,0
/home/dczhang/anormaly_detection/images/normal/TTC_0_106.jpg,0
/home/dczhang/anormaly_detection/images/normal/TTC_3_35.jpg,0
/home/dczhang/anormaly_detection/images/normal/TTC_6_37.jpg,0
/home/dczhang/anormaly_detection/images/normal/TTC_5_129.jpg,0
/home/dczhang/anormaly_detection/images/normal/TTC_6_49.jpg,0
/home/dczhang/anormaly_detection/images/normal/TTC_4_24.jpg,0
/home/dczhang/anormaly_detection/images/normal/TTC_0_98.jpg,0
/home/dczhang/anormaly_detection/images/normal/TTC_3_17.jpg,0
/home/dczhang/anormaly_detection/images/normal/TTC_6_22.jpg,0
/home/dczhang/anormaly_detection/images/normal/TTC_6_61.jpg,0
/home/dczhang/anormaly_detection/images/normal/TTC_7_58.jpg,0
/home/dczhang/anormaly_detection/images/normal/TTC_0_2.jpg,0
/home/dczhang/anormaly_detection/images/normal/TTC_7_4.jpg,0
/home/dczhang/anormaly_detection/images/normal/TTC_6_21.jpg,0
/home/dczhang/anormaly_detection/images/normal/TTC_3_14.jpg,0
/home/dczhang/anormaly_detection/images/normal/TTC_1_65.jpg,0
/home/dczhang/anormaly_detection/images/normal/TTC_2_33.jpg,0
/home/dczhang/anormaly_detection/images/normal/TTC_1_105.jpg,0
/home/dczhang/anormaly_detection/images/normal/TTC_2_49.jpg,0
/home/dczhang/anormaly_detection/images/normal/TTC_3_19.jpg,0
/home/dczhang/anormaly_detection/images/normal/TTC_3_55.jpg,0
/home/dczhang/anormaly_detection/images/normal/TTC_5_116.jpg,0
/home/dczhang/anormaly_detection/images/normal/TTC_2_20.jpg,0
/home/dczhang/anormaly_detection/images/normal/TTC_3_119.jpg,0
/home/dczhang/anormaly_detection/images/normal/TTC_5_9.jpg,0
/home/dczhang/anormaly_detection/images/normal/TTC_6_108.jpg,0
/home/dczhang/anormaly_detection/images/normal/TTC_5_50.jpg,0
/home/dczhang/anormaly_detection/images/normal/TTC_3_136.jpg,0
/home/dczhang/anormaly_detection/images/normal/TTC_5_15.jpg,0
/home/dczhang/anormaly_detection/images/normal/TTC_5_200.jpg,0
/home/dczhang/anormaly_detection/images/normal/TTC_5_57.jpg,0
/home/dczhang/anormaly_detection/images/normal/TTC_1_136.jpg,0
/home/dczhang/anormaly_detection/images/normal/TTC_6_83.jpg,0
/home/dczhang/anormaly_detection/images/normal/TTC_5_68.jpg,0
/home/dczhang/anormaly_detection/images/normal/TTC_6_9.jpg,0
/home/dczhang/anormaly_detection/images/normal/TTC_3_57.jpg,0
/home/dczhang/anormaly_detection/images/normal/TTC_7_50.jpg,0
/home/dczhang/anormaly_detection/images/normal/TTC_3_110.jpg,0
/home/dczhang/anormaly_detection/images/normal/TTC_1_53.jpg,0
/home/dczhang/anormaly_detection/images/normal/TTC_2_26.jpg,0
/home/dczhang/anormaly_detection/images/normal/TTC_5_184.jpg,0
/home/dczhang/anormaly_detection/images/normal/TTC_4_11.jpg,0
/home/dczhang/anormaly_detection/images/normal/TTC_4_61.jpg,0
/home/dczhang/anormaly_detection/images/normal/TTC_0_62.jpg,0
/home/dczhang/anormaly_detection/images/normal/TTC_1_141.jpg,0
/home/dczhang/anormaly_detection/images/normal/TTC_0_25.jpg,0
/home/dczhang/anormaly_detection/images/normal/TTC_0_91.jpg,0
/home/dczhang/anormaly_detection/images/normal/TTC_3_113.jpg,0
/home/dczhang/anormaly_detection/images/normal/TTC_0_41.jpg,0
/home/dczhang/anormaly_detection/images/normal/TTC_0_61.jpg,0
/home/dczhang/anormaly_detection/images/normal/TTC_2_70.jpg,0
/home/dczhang/anormaly_detection/images/normal/TTC_6_56.jpg,0
/home/dczhang/anormaly_detection/images/normal/TTC_6_112.jpg,0
/home/dczhang/anormaly_detection/images/normal/TTC_6_28.jpg,0
/home/dczhang/anormaly_detection/images/normal/TTC_0_59.jpg,0
/home/dczhang/anormaly_detection/images/normal/TTC_2_53.jpg,0
/home/dczhang/anormaly_detection/images/normal/TTC_2_40.jpg,0
/home/dczhang/anormaly_detection/images/normal/TTC_7_52.jpg,0
/home/dczhang/anormaly_detection/images/normal/TTC_4_16.jpg,0
/home/dczhang/anormaly_detection/images/normal/TTC_5_62.jpg,0
/home/dczhang/anormaly_detection/images/normal/TTC_5_78.jpg,0
/home/dczhang/anormaly_detection/images/normal/TTC_5_247.jpg,0
/home/dczhang/anormaly_detection/images/normal/TTC_3_18.jpg,0
/home/dczhang/anormaly_detection/images/normal/TTC_3_5.jpg,0
/home/dczhang/anormaly_detection/images/normal/TTC_3_30.jpg,0
/home/dczhang/anormaly_detection/images/normal/TTC_1_144.jpg,0
/home/dczhang/anormaly_detection/images/normal/TTC_6_131.jpg,0
/home/dczhang/anormaly_detection/images/normal/TTC_4_14.jpg,0
/home/dczhang/anormaly_detection/images/normal/TTC_2_50.jpg,0
/home/dczhang/anormaly_detection/images/normal/TTC_6_31.jpg,0
/home/dczhang/anormaly_detection/images/normal/TTC_6_54.jpg,0
/home/dczhang/anormaly_detection/images/normal/TTC_5_239.jpg,0
/home/dczhang/anormaly_detection/images/normal/TTC_0_113.jpg,0
/home/dczhang/anormaly_detection/images/normal/TTC_6_154.jpg,0
/home/dczhang/anormaly_detection/images/normal/TTC_5_74.jpg,0
/home/dczhang/anormaly_detection/images/normal/TTC_0_116.jpg,0
/home/dczhang/anormaly_detection/images/normal/TTC_0_114.jpg,0
/home/dczhang/anormaly_detection/images/normal/TTC_6_106.jpg,0
/home/dczhang/anormaly_detection/images/normal/TTC_3_71.jpg,0
/home/dczhang/anormaly_detection/images/normal/TTC_4_31.jpg,0
/home/dczhang/anormaly_detection/images/normal/TTC_3_82.jpg,0
/home/dczhang/anormaly_detection/images/normal/TTC_6_1.jpg,0
/home/dczhang/anormaly_detection/images/normal/TTC_5_128.jpg,0
/home/dczhang/anormaly_detection/images/normal/TTC_0_6.jpg,0
/home/dczhang/anormaly_detection/images/normal/TTC_0_76.jpg,0
/home/dczhang/anormaly_detection/images/normal/TTC_5_275.jpg,0
/home/dczhang/anormaly_detection/images/normal/TTC_0_50.jpg,0
/home/dczhang/anormaly_detection/images/normal/TTC_1_71.jpg,0
/home/dczhang/anormaly_detection/images/normal/TTC_1_96.jpg,0
/home/dczhang/anormaly_detection/images/normal/TTC_6_139.jpg,0
/home/dczhang/anormaly_detection/images/normal/TTC_2_74.jpg,0
/home/dczhang/anormaly_detection/images/normal/TTC_5_31.jpg,0
/home/dczhang/anormaly_detection/images/normal/TTC_7_9.jpg,0
/home/dczhang/anormaly_detection/images/normal/TTC_6_11.jpg,0
/home/dczhang/anormaly_detection/images/normal/TTC_5_207.jpg,0
/home/dczhang/anormaly_detection/images/normal/TTC_6_111.jpg,0
/home/dczhang/anormaly_detection/images/normal/TTC_6_79.jpg,0
/home/dczhang/anormaly_detection/images/normal/TTC_0_100.jpg,0
/home/dczhang/anormaly_detection/images/normal/TTC_1_128.jpg,0
/home/dczhang/anormaly_detection/images/normal/TTC_6_133.jpg,0
/home/dczhang/anormaly_detection/images/normal/TTC_2_80.jpg,0
/home/dczhang/anormaly_detection/images/normal/TTC_5_190.jpg,0
/home/dczhang/anormaly_detection/images/normal/TTC_0_47.jpg,0
/home/dczhang/anormaly_detection/images/normal/TTC_5_255.jpg,0
/home/dczhang/anormaly_detection/images/normal/TTC_2_83.jpg,0
/home/dczhang/anormaly_detection/images/normal/TTC_2_48.jpg,0
/home/dczhang/anormaly_detection/images/normal/TTC_0_112.jpg,0
/home/dczhang/anormaly_detection/images/normal/TTC_6_41.jpg,0
/home/dczhang/anormaly_detection/images/normal/TTC_3_47.jpg,0
/home/dczhang/anormaly_detection/images/normal/TTC_1_152.jpg,0
/home/dczhang/anormaly_detection/images/normal/TTC_4_52.jpg,0
/home/dczhang/anormaly_detection/images/normal/TTC_5_45.jpg,0
/home/dczhang/anormaly_detection/images/normal/TTC_5_245.jpg,0
/home/dczhang/anormaly_detection/images/normal/TTC_5_12.jpg,0
/home/dczhang/anormaly_detection/images/normal/TTC_7_12.jpg,0
/home/dczhang/anormaly_detection/images/normal/TTC_7_82.jpg,0
/home/dczhang/anormaly_detection/images/normal/TTC_4_49.jpg,0
/home/dczhang/anormaly_detection/images/normal/TTC_1_2.jpg,0
/home/dczhang/anormaly_detection/images/normal/TTC_2_13.jpg,0
/home/dczhang/anormaly_detection/images/normal/TTC_1_125.jpg,0
/home/dczhang/anormaly_detection/images/normal/TTC_1_91.jpg,0
/home/dczhang/anormaly_detection/images/normal/TTC_3_64.jpg,0
/home/dczhang/anormaly_detection/images/normal/TTC_1_106.jpg,0
/home/dczhang/anormaly_detection/images/normal/TTC_5_235.jpg,0
/home/dczhang/anormaly_detection/images/normal/TTC_6_48.jpg,0
/home/dczhang/anormaly_detection/images/normal/TTC_5_59.jpg,0
/home/dczhang/anormaly_detection/images/normal/TTC_6_6.jpg,0
/home/dczhang/anormaly_detection/images/normal/TTC_5_63.jpg,0
/home/dczhang/anormaly_detection/images/normal/TTC_2_85.jpg,0
/home/dczhang/anormaly_detection/images/normal/TTC_6_152.jpg,0
/home/dczhang/anormaly_detection/images/normal/TTC_7_62.jpg,0
/home/dczhang/anormaly_detection/images/normal/TTC_4_33.jpg,0
/home/dczhang/anormaly_detection/images/normal/TTC_5_133.jpg,0
/home/dczhang/anormaly_detection/images/normal/TTC_6_73.jpg,0
/home/dczhang/anormaly_detection/images/normal/TTC_3_93.jpg,0
/home/dczhang/anormaly_detection/images/normal/TTC_1_82.jpg,0
/home/dczhang/anormaly_detection/images/normal/TTC_5_153.jpg,0
/home/dczhang/anormaly_detection/images/normal/TTC_6_55.jpg,0
/home/dczhang/anormaly_detection/images/normal/TTC_0_107.jpg,0
/home/dczhang/anormaly_detection/images/normal/TTC_3_88.jpg,0
/home/dczhang/anormaly_detection/images/normal/TTC_1_129.jpg,0
/home/dczhang/anormaly_detection/images/normal/TTC_1_29.jpg,0
/home/dczhang/anormaly_detection/images/normal/TTC_6_39.jpg,0
/home/dczhang/anormaly_detection/images/normal/TTC_5_223.jpg,0
/home/dczhang/anormaly_detection/images/normal/TTC_3_65.jpg,0
/home/dczhang/anormaly_detection/images/normal/TTC_3_159.jpg,0
/home/dczhang/anormaly_detection/images/normal/TTC_0_43.jpg,0
/home/dczhang/anormaly_detection/images/normal/TTC_5_233.jpg,0
/home/dczhang/anormaly_detection/images/normal/TTC_5_101.jpg,0
/home/dczhang/anormaly_detection/images/normal/TTC_6_166.jpg,0
/home/dczhang/anormaly_detection/images/normal/TTC_0_55.jpg,0
/home/dczhang/anormaly_detection/images/normal/TTC_4_30.jpg,0
/home/dczhang/anormaly_detection/images/normal/TTC_6_90.jpg,0
/home/dczhang/anormaly_detection/images/normal/TTC_5_48.jpg,0
/home/dczhang/anormaly_detection/images/normal/TTC_3_160.jpg,0
/home/dczhang/anormaly_detection/images/normal/TTC_2_43.jpg,0
/home/dczhang/anormaly_detection/images/normal/TTC_6_62.jpg,0
/home/dczhang/anormaly_detection/images/normal/TTC_3_164.jpg,0
/home/dczhang/anormaly_detection/images/normal/TTC_5_109.jpg,0
/home/dczhang/anormaly_detection/images/normal/TTC_1_155.jpg,0
/home/dczhang/anormaly_detection/images/normal/TTC_1_70.jpg,0
/home/dczhang/anormaly_detection/images/normal/TTC_7_16.jpg,0
/home/dczhang/anormaly_detection/images/normal/TTC_3_21.jpg,0
/home/dczhang/anormaly_detection/images/normal/TTC_4_25.jpg,0
/home/dczhang/anormaly_detection/images/normal/TTC_3_53.jpg,0
/home/dczhang/anormaly_detection/images/normal/TTC_1_83.jpg,0
/home/dczhang/anormaly_detection/images/normal/TTC_6_87.jpg,0
/home/dczhang/anormaly_detection/images/normal/TTC_1_111.jpg,0
/home/dczhang/anormaly_detection/images/normal/TTC_3_126.jpg,0
/home/dczhang/anormaly_detection/images/normal/TTC_6_138.jpg,0
/home/dczhang/anormaly_detection/images/normal/TTC_5_259.jpg,0
/home/dczhang/anormaly_detection/images/normal/TTC_2_78.jpg,0
/home/dczhang/anormaly_detection/images/normal/TTC_2_23.jpg,0
/home/dczhang/anormaly_detection/images/normal/TTC_2_30.jpg,0
/home/dczhang/anormaly_detection/images/normal/TTC_5_99.jpg,0
/home/dczhang/anormaly_detection/images/normal/TTC_3_86.jpg,0
/home/dczhang/anormaly_detection/images/normal/TTC_1_145.jpg,0
/home/dczhang/anormaly_detection/images/normal/TTC_5_246.jpg,0
/home/dczhang/anormaly_detection/images/normal/TTC_1_156.jpg,0
/home/dczhang/anormaly_detection/images/normal/TTC_5_17.jpg,0
/home/dczhang/anormaly_detection/images/normal/TTC_3_81.jpg,0
/home/dczhang/anormaly_detection/images/normal/TTC_0_54.jpg,0
/home/dczhang/anormaly_detection/images/normal/TTC_4_59.jpg,0
/home/dczhang/anormaly_detection/images/normal/TTC_1_151.jpg,0
/home/dczhang/anormaly_detection/images/normal/TTC_4_28.jpg,0
/home/dczhang/anormaly_detection/images/normal/TTC_6_126.jpg,0
/home/dczhang/anormaly_detection/images/normal/TTC_2_28.jpg,0
/home/dczhang/anormaly_detection/images/normal/TTC_0_56.jpg,0
/home/dczhang/anormaly_detection/images/normal/TTC_5_172.jpg,0
/home/dczhang/anormaly_detection/images/normal/TTC_3_141.jpg,0
/home/dczhang/anormaly_detection/images/normal/TTC_3_74.jpg,0
/home/dczhang/anormaly_detection/images/normal/TTC_3_139.jpg,0
/home/dczhang/anormaly_detection/images/normal/TTC_3_85.jpg,0
/home/dczhang/anormaly_detection/images/normal/TTC_3_100.jpg,0
/home/dczhang/anormaly_detection/images/normal/TTC_3_130.jpg,0
/home/dczhang/anormaly_detection/images/normal/TTC_3_90.jpg,0
/home/dczhang/anormaly_detection/images/normal/TTC_5_111.jpg,0
/home/dczhang/anormaly_detection/images/normal/TTC_1_99.jpg,0
/home/dczhang/anormaly_detection/images/normal/TTC_5_186.jpg,0
/home/dczhang/anormaly_detection/images/normal/TTC_7_32.jpg,0
/home/dczhang/anormaly_detection/images/normal/TTC_5_243.jpg,0
/home/dczhang/anormaly_detection/images/normal/TTC_5_262.jpg,0
/home/dczhang/anormaly_detection/images/normal/TTC_2_62.jpg,0
/home/dczhang/anormaly_detection/images/normal/TTC_0_14.jpg,0
/home/dczhang/anormaly_detection/images/normal/TTC_0_79.jpg,0
/home/dczhang/anormaly_detection/images/normal/TTC_1_32.jpg,0
/home/dczhang/anormaly_detection/images/normal/TTC_4_55.jpg,0
/home/dczhang/anormaly_detection/images/normal/TTC_5_224.jpg,0
/home/dczhang/anormaly_detection/images/normal/TTC_3_117.jpg,0
/home/dczhang/anormaly_detection/images/normal/TTC_1_103.jpg,0
/home/dczhang/anormaly_detection/images/normal/TTC_1_148.jpg,0
/home/dczhang/anormaly_detection/images/normal/TTC_5_222.jpg,0
/home/dczhang/anormaly_detection/images/normal/TTC_2_84.jpg,0
/home/dczhang/anormaly_detection/images/normal/TTC_5_180.jpg,0
/home/dczhang/anormaly_detection/images/normal/TTC_3_150.jpg,0
/home/dczhang/anormaly_detection/images/normal/TTC_5_21.jpg,0
/home/dczhang/anormaly_detection/images/normal/TTC_3_45.jpg,0
/home/dczhang/anormaly_detection/images/normal/TTC_4_60.jpg,0
/home/dczhang/anormaly_detection/images/normal/TTC_3_161.jpg,0
/home/dczhang/anormaly_detection/images/normal/TTC_6_27.jpg,0
/home/dczhang/anormaly_detection/images/normal/TTC_5_138.jpg,0
/home/dczhang/anormaly_detection/images/normal/TTC_5_189.jpg,0
/home/dczhang/anormaly_detection/images/normal/TTC_2_87.jpg,0
/home/dczhang/anormaly_detection/images/normal/TTC_4_7.jpg,0
/home/dczhang/anormaly_detection/images/normal/TTC_7_0.jpg,0
/home/dczhang/anormaly_detection/images/normal/TTC_3_89.jpg,0
/home/dczhang/anormaly_detection/images/normal/TTC_5_168.jpg,0
/home/dczhang/anormaly_detection/images/normal/TTC_5_115.jpg,0
/home/dczhang/anormaly_detection/images/normal/TTC_7_2.jpg,0
/home/dczhang/anormaly_detection/images/normal/TTC_2_79.jpg,0
/home/dczhang/anormaly_detection/images/normal/TTC_6_107.jpg,0
/home/dczhang/anormaly_detection/images/normal/TTC_0_26.jpg,0
/home/dczhang/anormaly_detection/images/normal/TTC_0_34.jpg,0
/home/dczhang/anormaly_detection/images/normal/TTC_6_51.jpg,0
/home/dczhang/anormaly_detection/images/normal/TTC_5_215.jpg,0
/home/dczhang/anormaly_detection/images/normal/TTC_3_80.jpg,0
/home/dczhang/anormaly_detection/images/normal/TTC_2_18.jpg,0
/home/dczhang/anormaly_detection/images/normal/TTC_0_115.jpg,0
/home/dczhang/anormaly_detection/images/normal/TTC_5_35.jpg,0
/home/dczhang/anormaly_detection/images/normal/TTC_5_87.jpg,0
/home/dczhang/anormaly_detection/images/normal/TTC_5_81.jpg,0
/home/dczhang/anormaly_detection/images/normal/TTC_3_54.jpg,0
/home/dczhang/anormaly_detection/images/normal/TTC_7_21.jpg,0
/home/dczhang/anormaly_detection/images/normal/TTC_3_0.jpg,0
/home/dczhang/anormaly_detection/images/normal/TTC_5_24.jpg,0
/home/dczhang/anormaly_detection/images/normal/TTC_4_19.jpg,0
/home/dczhang/anormaly_detection/images/normal/TTC_7_17.jpg,0
/home/dczhang/anormaly_detection/images/normal/TTC_3_149.jpg,0
/home/dczhang/anormaly_detection/images/normal/TTC_4_17.jpg,0
/home/dczhang/anormaly_detection/images/normal/TTC_6_26.jpg,0
/home/dczhang/anormaly_detection/images/normal/TTC_5_102.jpg,0
/home/dczhang/anormaly_detection/images/normal/TTC_7_67.jpg,0
/home/dczhang/anormaly_detection/images/normal/TTC_1_59.jpg,0
/home/dczhang/anormaly_detection/images/normal/TTC_5_150.jpg,0
/home/dczhang/anormaly_detection/images/normal/TTC_0_82.jpg,0
/home/dczhang/anormaly_detection/images/normal/TTC_6_156.jpg,0
/home/dczhang/anormaly_detection/images/normal/TTC_1_127.jpg,0
/home/dczhang/anormaly_detection/images/normal/TTC_0_0.jpg,0
/home/dczhang/anormaly_detection/images/normal/TTC_1_18.jpg,0
/home/dczhang/anormaly_detection/images/normal/TTC_4_54.jpg,0
/home/dczhang/anormaly_detection/images/normal/TTC_0_57.jpg,0
/home/dczhang/anormaly_detection/images/normal/TTC_3_52.jpg,0
/home/dczhang/anormaly_detection/images/normal/TTC_5_268.jpg,0
/home/dczhang/anormaly_detection/images/normal/TTC_1_150.jpg,0
/home/dczhang/anormaly_detection/images/normal/TTC_1_55.jpg,0
/home/dczhang/anormaly_detection/images/normal/TTC_4_18.jpg,0
/home/dczhang/anormaly_detection/images/normal/TTC_0_44.jpg,0
/home/dczhang/anormaly_detection/images/normal/TTC_6_0.jpg,0
/home/dczhang/anormaly_detection/images/normal/TTC_5_199.jpg,0
/home/dczhang/anormaly_detection/images/normal/TTC_2_15.jpg,0
/home/dczhang/anormaly_detection/images/normal/TTC_1_108.jpg,0
/home/dczhang/anormaly_detection/images/normal/TTC_6_18.jpg,0
/home/dczhang/anormaly_detection/images/normal/TTC_6_67.jpg,0
/home/dczhang/anormaly_detection/images/normal/TTC_3_152.jpg,0
/home/dczhang/anormaly_detection/images/normal/TTC_1_69.jpg,0
/home/dczhang/anormaly_detection/images/normal/TTC_1_36.jpg,0
/home/dczhang/anormaly_detection/images/normal/TTC_6_103.jpg,0
/home/dczhang/anormaly_detection/images/normal/TTC_5_100.jpg,0
/home/dczhang/anormaly_detection/images/normal/TTC_6_124.jpg,0
/home/dczhang/anormaly_detection/images/normal/TTC_6_99.jpg,0
/home/dczhang/anormaly_detection/images/normal/TTC_1_62.jpg,0
/home/dczhang/anormaly_detection/images/normal/TTC_4_6.jpg,0
/home/dczhang/anormaly_detection/images/normal/TTC_1_102.jpg,0
/home/dczhang/anormaly_detection/images/normal/TTC_6_78.jpg,0
/home/dczhang/anormaly_detection/images/normal/TTC_2_81.jpg,0
/home/dczhang/anormaly_detection/images/normal/TTC_4_5.jpg,0
/home/dczhang/anormaly_detection/images/normal/TTC_2_10.jpg,0
/home/dczhang/anormaly_detection/images/normal/TTC_1_31.jpg,0
/home/dczhang/anormaly_detection/images/normal/TTC_0_83.jpg,0
/home/dczhang/anormaly_detection/images/normal/TTC_6_148.jpg,0
/home/dczhang/anormaly_detection/images/normal/TTC_1_20.jpg,0
/home/dczhang/anormaly_detection/images/normal/TTC_0_72.jpg,0
/home/dczhang/anormaly_detection/images/normal/TTC_5_212.jpg,0
/home/dczhang/anormaly_detection/images/normal/TTC_1_72.jpg,0
/home/dczhang/anormaly_detection/images/normal/TTC_1_133.jpg,0
/home/dczhang/anormaly_detection/images/normal/TTC_3_2.jpg,0
/home/dczhang/anormaly_detection/images/normal/TTC_2_63.jpg,0
/home/dczhang/anormaly_detection/images/normal/TTC_6_42.jpg,0
/home/dczhang/anormaly_detection/images/normal/TTC_5_32.jpg,0
/home/dczhang/anormaly_detection/images/normal/TTC_3_145.jpg,0
/home/dczhang/anormaly_detection/images/normal/TTC_6_118.jpg,0
/home/dczhang/anormaly_detection/images/normal/TTC_4_46.jpg,0
/home/dczhang/anormaly_detection/images/normal/TTC_3_147.jpg,0
/home/dczhang/anormaly_detection/images/normal/TTC_6_58.jpg,0
/home/dczhang/anormaly_detection/images/normal/TTC_6_141.jpg,0
/home/dczhang/anormaly_detection/images/normal/TTC_3_115.jpg,0
/home/dczhang/anormaly_detection/images/normal/TTC_5_170.jpg,0
/home/dczhang/anormaly_detection/images/normal/TTC_5_110.jpg,0
/home/dczhang/anormaly_detection/images/normal/TTC_3_75.jpg,0
/home/dczhang/anormaly_detection/images/normal/TTC_7_33.jpg,0
/home/dczhang/anormaly_detection/images/normal/TTC_6_123.jpg,0
/home/dczhang/anormaly_detection/images/normal/TTC_6_163.jpg,0
/home/dczhang/anormaly_detection/images/normal/TTC_5_73.jpg,0
/home/dczhang/anormaly_detection/images/normal/TTC_7_44.jpg,0
/home/dczhang/anormaly_detection/images/normal/TTC_1_1.jpg,0
/home/dczhang/anormaly_detection/images/normal/TTC_2_54.jpg,0
/home/dczhang/anormaly_detection/images/normal/TTC_5_169.jpg,0
/home/dczhang/anormaly_detection/images/normal/TTC_0_23.jpg,0
/home/dczhang/anormaly_detection/images/normal/TTC_7_6.jpg,0
/home/dczhang/anormaly_detection/images/normal/TTC_0_84.jpg,0
/home/dczhang/anormaly_detection/images/normal/TTC_2_82.jpg,0
/home/dczhang/anormaly_detection/images/normal/TTC_5_181.jpg,0
/home/dczhang/anormaly_detection/images/normal/TTC_5_159.jpg,0
/home/dczhang/anormaly_detection/images/normal/TTC_6_164.jpg,0
/home/dczhang/anormaly_detection/images/normal/TTC_5_27.jpg,0
/home/dczhang/anormaly_detection/images/normal/TTC_6_161.jpg,0
/home/dczhang/anormaly_detection/images/normal/TTC_5_97.jpg,0
/home/dczhang/anormaly_detection/images/normal/TTC_5_230.jpg,0
/home/dczhang/anormaly_detection/images/normal/TTC_5_225.jpg,0
/home/dczhang/anormaly_detection/images/normal/TTC_7_5.jpg,0
/home/dczhang/anormaly_detection/images/normal/TTC_3_29.jpg,0
/home/dczhang/anormaly_detection/images/normal/TTC_0_108.jpg,0
/home/dczhang/anormaly_detection/images/normal/TTC_6_69.jpg,0
/home/dczhang/anormaly_detection/images/normal/TTC_1_113.jpg,0
/home/dczhang/anormaly_detection/images/normal/TTC_5_60.jpg,0
/home/dczhang/anormaly_detection/images/normal/TTC_5_143.jpg,0
/home/dczhang/anormaly_detection/images/normal/TTC_5_103.jpg,0
/home/dczhang/anormaly_detection/images/normal/TTC_6_10.jpg,0
/home/dczhang/anormaly_detection/images/normal/TTC_0_63.jpg,0
/home/dczhang/anormaly_detection/images/normal/TTC_3_24.jpg,0
/home/dczhang/anormaly_detection/images/normal/TTC_1_10.jpg,0
/home/dczhang/anormaly_detection/images/normal/TTC_3_162.jpg,0
/home/dczhang/anormaly_detection/images/normal/TTC_5_185.jpg,0
/home/dczhang/anormaly_detection/images/normal/TTC_5_204.jpg,0
/home/dczhang/anormaly_detection/images/normal/TTC_6_20.jpg,0
/home/dczhang/anormaly_detection/images/normal/TTC_3_120.jpg,0
/home/dczhang/anormaly_detection/images/normal/TTC_2_4.jpg,0
/home/dczhang/anormaly_detection/images/normal/TTC_1_63.jpg,0
/home/dczhang/anormaly_detection/images/normal/TTC_0_104.jpg,0
/home/dczhang/anormaly_detection/images/normal/TTC_7_45.jpg,0
/home/dczhang/anormaly_detection/images/normal/TTC_3_8.jpg,0
/home/dczhang/anormaly_detection/images/normal/TTC_4_48.jpg,0
/home/dczhang/anormaly_detection/images/normal/TTC_3_6.jpg,0
/home/dczhang/anormaly_detection/images/normal/TTC_5_30.jpg,0
/home/dczhang/anormaly_detection/images/normal/TTC_6_63.jpg,0
/home/dczhang/anormaly_detection/images/normal/TTC_6_53.jpg,0
/home/dczhang/anormaly_detection/images/normal/TTC_1_50.jpg,0
/home/dczhang/anormaly_detection/images/normal/TTC_1_140.jpg,0
/home/dczhang/anormaly_detection/images/normal/TTC_5_69.jpg,0
/home/dczhang/anormaly_detection/images/normal/TTC_5_51.jpg,0
/home/dczhang/anormaly_detection/images/normal/TTC_4_44.jpg,0
/home/dczhang/anormaly_detection/images/normal/TTC_7_59.jpg,0
/home/dczhang/anormaly_detection/images/normal/TTC_6_134.jpg,0
/home/dczhang/anormaly_detection/images/normal/TTC_2_6.jpg,0
/home/dczhang/anormaly_detection/images/normal/TTC_0_20.jpg,0
/home/dczhang/anormaly_detection/images/normal/TTC_0_30.jpg,0
/home/dczhang/anormaly_detection/images/normal/TTC_2_38.jpg,0
/home/dczhang/anormaly_detection/images/normal/TTC_1_4.jpg,0
/home/dczhang/anormaly_detection/images/normal/TTC_0_99.jpg,0
/home/dczhang/anormaly_detection/images/normal/TTC_3_144.jpg,0
/home/dczhang/anormaly_detection/images/normal/TTC_7_34.jpg,0
/home/dczhang/anormaly_detection/images/normal/TTC_6_70.jpg,0
/home/dczhang/anormaly_detection/images/normal/TTC_0_1.jpg,0
/home/dczhang/anormaly_detection/images/normal/TTC_3_25.jpg,0
/home/dczhang/anormaly_detection/images/normal/TTC_0_68.jpg,0
/home/dczhang/anormaly_detection/images/normal/TTC_5_118.jpg,0
/home/dczhang/anormaly_detection/images/normal/TTC_0_17.jpg,0
/home/dczhang/anormaly_detection/images/normal/TTC_6_52.jpg,0
/home/dczhang/anormaly_detection/images/normal/TTC_5_86.jpg,0
/home/dczhang/anormaly_detection/images/normal/TTC_0_15.jpg,0
/home/dczhang/anormaly_detection/images/normal/TTC_6_77.jpg,0
/home/dczhang/anormaly_detection/images/normal/TTC_7_88.jpg,0
/home/dczhang/anormaly_detection/images/normal/TTC_5_271.jpg,0
/home/dczhang/anormaly_detection/images/normal/TTC_0_9.jpg,0
/home/dczhang/anormaly_detection/images/normal/TTC_1_115.jpg,0
/home/dczhang/anormaly_detection/images/normal/TTC_3_42.jpg,0
/home/dczhang/anormaly_detection/images/normal/TTC_7_80.jpg,0
/home/dczhang/anormaly_detection/images/normal/TTC_6_8.jpg,0
/home/dczhang/anormaly_detection/images/normal/TTC_6_160.jpg,0
/home/dczhang/anormaly_detection/images/normal/TTC_5_107.jpg,0
/home/dczhang/anormaly_detection/images/normal/TTC_3_61.jpg,0
/home/dczhang/anormaly_detection/images/normal/TTC_5_36.jpg,0
/home/dczhang/anormaly_detection/images/normal/TTC_1_13.jpg,0
/home/dczhang/anormaly_detection/images/normal/TTC_1_81.jpg,0
/home/dczhang/anormaly_detection/images/normal/TTC_1_100.jpg,0
/home/dczhang/anormaly_detection/images/normal/TTC_6_162.jpg,0
/home/dczhang/anormaly_detection/images/normal/TTC_5_267.jpg,0
/home/dczhang/anormaly_detection/images/normal/TTC_0_80.jpg,0
/home/dczhang/anormaly_detection/images/normal/TTC_1_47.jpg,0
/home/dczhang/anormaly_detection/images/normal/TTC_2_58.jpg,0
/home/dczhang/anormaly_detection/images/normal/TTC_1_110.jpg,0
/home/dczhang/anormaly_detection/images/normal/TTC_1_28.jpg,0
/home/dczhang/anormaly_detection/images/normal/TTC_7_41.jpg,0
/home/dczhang/anormaly_detection/images/normal/TTC_5_191.jpg,0
/home/dczhang/anormaly_detection/images/normal/TTC_3_76.jpg,0
/home/dczhang/anormaly_detection/images/normal/TTC_5_8.jpg,0
/home/dczhang/anormaly_detection/images/normal/TTC_6_76.jpg,0
/home/dczhang/anormaly_detection/images/normal/TTC_1_42.jpg,0
/home/dczhang/anormaly_detection/images/normal/TTC_3_79.jpg,0
/home/dczhang/anormaly_detection/images/normal/TTC_7_64.jpg,0
/home/dczhang/anormaly_detection/images/normal/TTC_5_124.jpg,0
/home/dczhang/anormaly_detection/images/normal/TTC_2_34.jpg,0
/home/dczhang/anormaly_detection/images/normal/TTC_0_74.jpg,0
/home/dczhang/anormaly_detection/images/normal/TTC_3_92.jpg,0
/home/dczhang/anormaly_detection/images/normal/TTC_2_22.jpg,0
/home/dczhang/anormaly_detection/images/normal/TTC_1_22.jpg,0
/home/dczhang/anormaly_detection/images/normal/TTC_0_52.jpg,0
/home/dczhang/anormaly_detection/images/normal/TTC_3_20.jpg,0
/home/dczhang/anormaly_detection/images/normal/TTC_7_18.jpg,0
/home/dczhang/anormaly_detection/images/normal/TTC_5_241.jpg,0
/home/dczhang/anormaly_detection/images/normal/TTC_3_22.jpg,0
/home/dczhang/anormaly_detection/images/normal/TTC_5_139.jpg,0
/home/dczhang/anormaly_detection/images/normal/TTC_7_29.jpg,0
/home/dczhang/anormaly_detection/images/normal/TTC_5_177.jpg,0
/home/dczhang/anormaly_detection/images/normal/TTC_2_31.jpg,0
/home/dczhang/anormaly_detection/images/normal/TTC_6_50.jpg,0
/home/dczhang/anormaly_detection/images/normal/TTC_1_107.jpg,0
/home/dczhang/anormaly_detection/images/normal/TTC_0_67.jpg,0
/home/dczhang/anormaly_detection/images/normal/TTC_2_51.jpg,0
/home/dczhang/anormaly_detection/images/normal/TTC_6_157.jpg,0
/home/dczhang/anormaly_detection/images/normal/TTC_3_32.jpg,0
/home/dczhang/anormaly_detection/images/normal/TTC_6_149.jpg,0
/home/dczhang/anormaly_detection/images/normal/TTC_1_41.jpg,0
/home/dczhang/anormaly_detection/images/normal/TTC_5_273.jpg,0
/home/dczhang/anormaly_detection/images/normal/TTC_7_15.jpg,0
/home/dczhang/anormaly_detection/images/normal/TTC_2_8.jpg,0
/home/dczhang/anormaly_detection/images/normal/TTC_7_83.jpg,0
/home/dczhang/anormaly_detection/images/normal/TTC_6_132.jpg,0
/home/dczhang/anormaly_detection/images/normal/TTC_7_8.jpg,0
/home/dczhang/anormaly_detection/images/normal/TTC_1_92.jpg,0
/home/dczhang/anormaly_detection/images/normal/TTC_3_1.jpg,0
/home/dczhang/anormaly_detection/images/normal/TTC_5_266.jpg,0
/home/dczhang/anormaly_detection/images/normal/TTC_5_166.jpg,0
/home/dczhang/anormaly_detection/images/normal/TTC_5_85.jpg,0
/home/dczhang/anormaly_detection/images/normal/TTC_3_131.jpg,0
/home/dczhang/anormaly_detection/images/normal/TTC_6_29.jpg,0
/home/dczhang/anormaly_detection/images/normal/TTC_1_46.jpg,0
/home/dczhang/anormaly_detection/images/normal/TTC_1_24.jpg,0
/home/dczhang/anormaly_detection/images/normal/TTC_5_210.jpg,0
/home/dczhang/anormaly_detection/images/normal/TTC_2_56.jpg,0
/home/dczhang/anormaly_detection/images/normal/TTC_6_150.jpg,0
/home/dczhang/anormaly_detection/images/normal/TTC_3_95.jpg,0
/home/dczhang/anormaly_detection/images/normal/TTC_5_65.jpg,0
/home/dczhang/anormaly_detection/images/normal/TTC_5_55.jpg,0
/home/dczhang/anormaly_detection/images/normal/TTC_5_220.jpg,0
/home/dczhang/anormaly_detection/images/normal/TTC_0_36.jpg,0
/home/dczhang/anormaly_detection/images/normal/TTC_0_110.jpg,0
/home/dczhang/anormaly_detection/images/normal/TTC_3_28.jpg,0
/home/dczhang/anormaly_detection/images/normal/TTC_4_57.jpg,0
/home/dczhang/anormaly_detection/images/normal/TTC_3_99.jpg,0
/home/dczhang/anormaly_detection/images/anomalous/Acq0350.jpg,1
/home/dczhang/anormaly_detection/images/anomalous/Acq0394.jpg,1
/home/dczhang/anormaly_detection/images/anomalous/Acq0102.jpg,1
/home/dczhang/anormaly_detection/images/anomalous/Acq0400.jpg,1
/home/dczhang/anormaly_detection/images/anomalous/Acq0067.jpg,1
/home/dczhang/anormaly_detection/images/anomalous/Acq0349.jpg,1
/home/dczhang/anormaly_detection/images/anomalous/Acq0036.jpg,1
/home/dczhang/anormaly_detection/images/anomalous/Acq0357.jpg,1
/home/dczhang/anormaly_detection/images/anomalous/Acq0393.jpg,1
/home/dczhang/anormaly_detection/images/anomalous/Acq0427.jpg,1
/home/dczhang/anormaly_detection/images/anomalous/Acq0069.jpg,1
/home/dczhang/anormaly_detection/images/anomalous/Acq0072.jpg,1
/home/dczhang/anormaly_detection/images/anomalous/Acq0101.jpg,1
/home/dczhang/anormaly_detection/images/anomalous/Acq0096.jpg,1
/home/dczhang/anormaly_detection/images/anomalous/Acq0798.jpg,1
/home/dczhang/anormaly_detection/images/anomalous/Acq0073.jpg,1
/home/dczhang/anormaly_detection/images/anomalous/Acq0383.jpg,1
/home/dczhang/anormaly_detection/images/anomalous/Acq0082.jpg,1
/home/dczhang/anormaly_detection/images/anomalous/Acq0059.jpg,1
/home/dczhang/anormaly_detection/images/anomalous/Acq0381.jpg,1
/home/dczhang/anormaly_detection/images/anomalous/Acq0399.jpg,1
/home/dczhang/anormaly_detection/images/anomalous/Acq0123.jpg,1
/home/dczhang/anormaly_detection/images/anomalous/Acq0095.jpg,1
/home/dczhang/anormaly_detection/images/anomalous/Acq0426.jpg,1
/home/dczhang/anormaly_detection/images/anomalous/Acq0068.jpg,1
/home/dczhang/anormaly_detection/images/anomalous/Acq0060.jpg,1
/home/dczhang/anormaly_detection/images/anomalous/Acq0035.jpg,1
/home/dczhang/anormaly_detection/images/anomalous/Acq0112.jpg,1
/home/dczhang/anormaly_detection/images/anomalous/Acq0382.jpg,1
/home/dczhang/anormaly_detection/images/anomalous/Acq0071.jpg,1
/home/dczhang/anormaly_detection/images/anomalous/Acq0116.jpg,1
/home/dczhang/anormaly_detection/images/anomalous/Acq0356.jpg,1
/home/dczhang/anormaly_detection/images/anomalous/Acq0390.jpg,1
/home/dczhang/anormaly_detection/images/anomalous/Acq0098.jpg,1
/home/dczhang/anormaly_detection/images/anomalous/Acq0119.jpg,1
/home/dczhang/anormaly_detection/images/anomalous/Acq0129.jpg,1
/home/dczhang/anormaly_detection/images/anomalous/Acq0401.jpg,1
/home/dczhang/anormaly_detection/images/anomalous/Acq0355.jpg,1
/home/dczhang/anormaly_detection/images/anomalous/Acq0088.jpg,1
/home/dczhang/anormaly_detection/images/anomalous/Acq0387.jpg,1
/home/dczhang/anormaly_detection/images/anomalous/Acq0064.jpg,1
/home/dczhang/anormaly_detection/images/anomalous/Acq0075.jpg,1
/home/dczhang/anormaly_detection/images/anomalous/Acq0074.jpg,1
/home/dczhang/anormaly_detection/images/anomalous/Acq0039.jpg,1
/home/dczhang/anormaly_detection/images/anomalous/Acq0037.jpg,1
/home/dczhang/anormaly_detection/images/anomalous/Acq0374.jpg,1
/home/dczhang/anormaly_detection/images/anomalous/Acq0379.jpg,1
/home/dczhang/anormaly_detection/images/anomalous/Acq0093.jpg,1
/home/dczhang/anormaly_detection/images/anomalous/Acq0364.jpg,1
/home/dczhang/anormaly_detection/images/anomalous/Acq0407.jpg,1
/home/dczhang/anormaly_detection/images/anomalous/Acq0062.jpg,1
/home/dczhang/anormaly_detection/images/anomalous/Acq0385.jpg,1
/home/dczhang/anormaly_detection/images/anomalous/Acq0413.jpg,1
/home/dczhang/anormaly_detection/images/anomalous/Acq0115.jpg,1
/home/dczhang/anormaly_detection/images/anomalous/Acq0389.jpg,1
/home/dczhang/anormaly_detection/images/anomalous/Acq0084.jpg,1
/home/dczhang/anormaly_detection/images/anomalous/Acq0097.jpg,1
/home/dczhang/anormaly_detection/images/anomalous/Acq0118.jpg,1
/home/dczhang/anormaly_detection/images/anomalous/Acq0422.jpg,1
/home/dczhang/anormaly_detection/images/anomalous/Acq0033.jpg,1
/home/dczhang/anormaly_detection/images/anomalous/Acq0397.jpg,1
/home/dczhang/anormaly_detection/images/anomalous/Acq0066.jpg,1
/home/dczhang/anormaly_detection/images/anomalous/Acq0083.jpg,1
/home/dczhang/anormaly_detection/images/anomalous/Acq0423.jpg,1
/home/dczhang/anormaly_detection/images/anomalous/Acq0099.jpg,1
/home/dczhang/anormaly_detection/images/anomalous/Acq0352.jpg,1
/home/dczhang/anormaly_detection/images/anomalous/Acq0402.jpg,1
/home/dczhang/anormaly_detection/images/anomalous/Acq0368.jpg,1
/home/dczhang/anormaly_detection/images/anomalous/Acq0800.jpg,1
/home/dczhang/anormaly_detection/images/anomalous/Acq0086.jpg,1
/home/dczhang/anormaly_detection/images/anomalous/Acq0371.jpg,1
/home/dczhang/anormaly_detection/images/anomalous/Acq0111.jpg,1
/home/dczhang/anormaly_detection/images/anomalous/Acq0406.jpg,1
/home/dczhang/anormaly_detection/images/anomalous/Acq0345.jpg,1
/home/dczhang/anormaly_detection/images/anomalous/Acq0134.jpg,1
/home/dczhang/anormaly_detection/images/anomalous/Acq0421.jpg,1
/home/dczhang/anormaly_detection/images/anomalous/Acq0409.jpg,1
/home/dczhang/anormaly_detection/images/anomalous/Acq0127.jpg,1
/home/dczhang/anormaly_detection/images/anomalous/Acq0110.jpg,1
/home/dczhang/anormaly_detection/images/anomalous/Acq0130.jpg,1
/home/dczhang/anormaly_detection/images/anomalous/Acq0031.jpg,1
/home/dczhang/anormaly_detection/images/anomalous/Acq0410.jpg,1
/home/dczhang/anormaly_detection/images/anomalous/Acq0085.jpg,1
/home/dczhang/anormaly_detection/images/anomalous/Acq0412.jpg,1
/home/dczhang/anormaly_detection/images/anomalous/Acq0138.jpg,1
/home/dczhang/anormaly_detection/images/anomalous/Acq0404.jpg,1
/home/dczhang/anormaly_detection/images/anomalous/Acq0369.jpg,1
/home/dczhang/anormaly_detection/images/anomalous/Acq0038.jpg,1
/home/dczhang/anormaly_detection/images/anomalous/Acq0061.jpg,1
/home/dczhang/anormaly_detection/images/anomalous/Acq0034.jpg,1
/home/dczhang/anormaly_detection/images/anomalous/Acq0030.jpg,1
/home/dczhang/anormaly_detection/images/anomalous/Acq0420.jpg,1
/home/dczhang/anormaly_detection/images/anomalous/Acq0396.jpg,1
/home/dczhang/anormaly_detection/images/anomalous/Acq0410_01.jpg,1
/home/dczhang/anormaly_detection/images/anomalous/Acq0354.jpg,1
/home/dczhang/anormaly_detection/images/anomalous/Acq0104.jpg,1
/home/dczhang/anormaly_detection/images/anomalous/Acq0125.jpg,1
/home/dczhang/anormaly_detection/images/anomalous/Acq0080.jpg,1
/home/dczhang/anormaly_detection/images/anomalous/Acq0386.jpg,1
/home/dczhang/anormaly_detection/images/anomalous/Acq0408.jpg,1
/home/dczhang/anormaly_detection/images/anomalous/Acq0136.jpg,1
/home/dczhang/anormaly_detection/images/anomalous/Acq0351.jpg,1
/home/dczhang/anormaly_detection/images/anomalous/Acq0411.jpg,1
/home/dczhang/anormaly_detection/images/anomalous/Acq0797.jpg,1
/home/dczhang/anormaly_detection/images/anomalous/Acq0100.jpg,1
/home/dczhang/anormaly_detection/images/anomalous/Acq0063.jpg,1
/home/dczhang/anormaly_detection/images/anomalous/Acq0398.jpg,1
/home/dczhang/anormaly_detection/images/anomalous/Acq0132.jpg,1
/home/dczhang/anormaly_detection/images/anomalous/Acq0025.jpg,1
/home/dczhang/anormaly_detection/images/anomalous/Acq0419.jpg,1
/home/dczhang/anormaly_detection/images/anomalous/Acq0372.jpg,1
/home/dczhang/anormaly_detection/images/anomalous/Acq0122.jpg,1
/home/dczhang/anormaly_detection/images/anomalous/Acq0114.jpg,1
/home/dczhang/anormaly_detection/images/anomalous/Acq0128.jpg,1
/home/dczhang/anormaly_detection/images/anomalous/Acq0108.jpg,1
/home/dczhang/anormaly_detection/images/anomalous/Acq0388.jpg,1
/home/dczhang/anormaly_detection/images/anomalous/Acq0405.jpg,1
/home/dczhang/anormaly_detection/images/anomalous/Acq0416.jpg,1
/home/dczhang/anormaly_detection/images/anomalous/Acq0026.jpg,1
/home/dczhang/anormaly_detection/images/anomalous/Acq0092.jpg,1
/home/dczhang/anormaly_detection/images/anomalous/Acq0392.jpg,1
/home/dczhang/anormaly_detection/images/anomalous/Acq0359.jpg,1
/home/dczhang/anormaly_detection/images/anomalous/Acq0366.jpg,1
/home/dczhang/anormaly_detection/images/anomalous/Acq0414.jpg,1
/home/dczhang/anormaly_detection/images/anomalous/Acq0089.jpg,1
/home/dczhang/anormaly_detection/images/anomalous/Acq0040.jpg,1
/home/dczhang/anormaly_detection/images/anomalous/Acq0113.jpg,1
/home/dczhang/anormaly_detection/images/anomalous/Acq0418.jpg,1
/home/dczhang/anormaly_detection/images/anomalous/Acq0395.jpg,1
/home/dczhang/anormaly_detection/images/anomalous/Acq0384.jpg,1
/home/dczhang/anormaly_detection/images/anomalous/Acq0094.jpg,1
/home/dczhang/anormaly_detection/images/anomalous/Acq0081.jpg,1
/home/dczhang/anormaly_detection/images/anomalous/Acq0348.jpg,1
/home/dczhang/anormaly_detection/images/anomalous/Acq0028.jpg,1
/home/dczhang/anormaly_detection/images/anomalous/Acq0373.jpg,1
/home/dczhang/anormaly_detection/images/anomalous/Acq0065.jpg,1
/home/dczhang/anormaly_detection/images/anomalous/Acq0365.jpg,1
/home/dczhang/anormaly_detection/images/anomalous/Acq0375.jpg,1
/home/dczhang/anormaly_detection/images/anomalous/Acq0090.jpg,1
/home/dczhang/anormaly_detection/images/anomalous/Acq0032.jpg,1
/home/dczhang/anormaly_detection/images/anomalous/Acq0424.jpg,1
/home/dczhang/anormaly_detection/images/anomalous/Acq0091.jpg,1
/home/dczhang/anormaly_detection/images/anomalous/Acq0377.jpg,1
